,Regularization parameter(C),Degree,Accuracy
0,0.5,3.0,72.48025699370902
1,0.9,3.0,73.8455360728149
2,2.0,3.0,75.5722125552135
